Name,Phone
Alex Johnson,5550000001
Jordan Smith,5550000002
Casey Brown,5550000003
Riley Kim,5550000004
Taylor Lee,5550000005
Morgan Patel,5550000006
Quinn Garcia,5550000007
Jamie Nguyen,5550000008
Avery Thompson,5550000009
Parker Rivera,5550000010
Cameron Adams,5550000011
Drew Clark,5550000012
Rowan Lewis,5550000013
Harper Walker,5550000014
Reese Hall,5550000015
Finley Young,5550000016
Skyler Allen,5550000017
Payton King,5550000018
Emerson Wright,5550000019
Dakota Scott,5550000020
Logan Green,5550000021
Sage Baker,5550000022
Jules Nelson,5550000023
Phoenix Carter,5550000024
Shiloh Mitchell,5550000025
Marley Perez,5550000026
Remy Roberts,5550000027
Hayden Turner,5550000028
Rory Phillips,5550000029
Tatum Campbell,5550000030
